,"Numpy version (no loop, not relevant)",Python (without joblib) version,Python (with joblib) version,Numba version,C++ (with tbb) version,C++ (without tbb) version
10,0.775204900000972,2.2275708749984915,15.708025571999315,2.615094492000935,1.5695243230002234,2.7424302869985695
25,0.8007097939989762,1.07449318900035,2.5938154430004943,2.774482965000061,1.5502405490005913,2.8274005010025576
32,0.789894131001347,0.9590497900026094,1.6052614049986005,2.7532672800007276,1.5491705180029385,2.785331930997927
64,0.7766327019999153,0.8383894819999114,0.5989827679986774,3.166449134998402,1.5438454699979047,2.730133657998522
100,0.7790888749987062,0.8246584380030981,0.5225284709995321,3.3912647489996743,1.5485468250008125,2.7056796779979777
