,Python (without joblib) version,Python (with joblib) version,Numba version,C++ (with tbb) version,C++ (without tbb) version
10,3.0583829629995307,20.967970830000922,4.228546173999348,0.8422320059999038,2.7325793159998284
25,1.5121754329993564,3.5109042309995857,5.717791854000097,0.7346925659985573,2.269262550998974
32,1.327644942999541,2.231610389000707,5.949845086001005,0.7257905850001407,2.2571769620008126
64,1.1604589910002687,0.8529398310001852,9.598128466999697,0.7086898300003668,2.301762293000138
128,1.225762425998255,0.7691064949995052,11.137483792999774,0.7094226890003483,2.2093331839987513
