,"Numpy version (no loop, not relevant)",Python (without joblib) version,Python (with joblib) version,Numba version,C++ (with tbb) version,C++ (without tbb) version
1,0.8563171200003126,54.45106298199971,726.5604638019995,9.935374392000085,2.9073851779994584,7.026238721000482
10,0.8131717880005453,2.2379514339991147,14.663077156999861,2.9423872489987843,1.6082041279987607,3.009861522999927
100,0.8704268349993072,0.9088824989994464,0.5468443010013289,3.5029985479995958,1.5934374160005973,2.7695574360004684
1000,0.7814031500001875,0.8302584809989639,0.5083549219998531,9.032240993999949,1.682411517998844,2.715497631001199
